text,label
Enjoying a beautiful day at the park!,positive
Traffic was terrible this morning.,negative
Just finished an amazing workout! :flexed_biceps:,positive
Excited about the upcoming weekend getaway!,positive
Trying out a new recipe for dinner tonight.,positive
Feeling grateful for the little things in life.,positive
Rainy days call for cozy blankets and hot cocoa.,negative
The new movie release is a must-watch!,positive
Political discussions heating up on the timeline.,negative
Missing summer vibes and beach days.,negative
Just published a new blog post. Check it out!,neutral
Feeling a bit under the weather today.,negative
Exploring the city's hidden gems.,positive
"New year, new fitness goals! :flexed_biceps:",positive
Technology is changing the way we live.,neutral
Reflecting on the past and looking ahead.,neutral
Just adopted a cute furry friend! :paw_prints:,positive
Late-night gaming session with friends.,neutral
Attending a virtual conference on AI.,neutral
Winter blues got me feeling low.,negative
Sipping coffee and enjoying a good book.,neutral
Exploring the world of virtual reality.,neutral
Productive day ticking off my to-do list.,positive
Just finished a challenging workout routine.,positive
Celebrating a milestone at work! :party_popper:,positive
Sunday brunch with friends.,neutral
Learning a new language for personal growth.,positive
Quiet evening with a good book.,neutral
Reflecting on the importance of mental health.,neutral
New painting in progress! :artist_palette:,neutral
Weekend road trip to explore scenic views.,positive
Enjoying a cup of tea and watching the sunset.,positive
Coding a new project with enthusiasm.,positive
Feeling inspired after attending a workshop.,positive
Winter sports day at the local park.,positive
Quality time with family this weekend.,positive
Attending a live music concert tonight.,neutral
Practicing mindfulness with meditation.,neutral
Trying out a new dessert recipe.,positive
Excited about the upcoming gaming tournament.,positive
Planning a garden makeover for spring.,positive
Celebrating a friend's birthday tonight! :birthday_cake:,positive
Feeling accomplished after a productive day.,positive
A cozy evening with a good movie.,positive
Exploring local art galleries this weekend.,neutral
New book release from my favorite author!,positive
Attending a virtual reality meetup.,neutral
Reflecting on the beauty of nature.,positive
Cooking a special dinner for loved ones.,positive
Feeling optimistic about the week ahead.,positive
Starting a new fitness challenge tomorrow! :flexed_biceps:,neutral
Sunday bike ride through scenic trails.,positive
Can't believe the injustice happening in our society.,negative
Feeling a sense of fear after watching a thriller movie.,negative
Heartbroken after hearing the news about a natural disaster.,negative
The state of the world's environment is just disgusting.,negative
Pure happiness: celebrating a loved one's achievement!,positive
Laughter is the best medicine—enjoying a comedy show.,positive
Sharing love and positive vibes with everyone! :red_heart:,positive
An amusing incident brightened up my day!,positive
Enjoying a quiet evening with a book and some tea.,positive
Admiring the beauty of nature during a peaceful hike.,positive
Sending affectionate vibes to all my followers!,positive
Experiencing awe at the breathtaking sunset.,positive
Disappointed with the service at a local restaurant.,negative
A surprise gift from a friend made my day!,positive
Finding acceptance in the midst of life's challenges.,positive
Overflowing with adoration for my adorable pet! :paw_prints:,positive
Anticipating a thrilling adventure in the coming weeks.,positive
A bitter experience turned into a valuable lesson.,negative
Finding calmness in the midst of a busy day.,positive
Confusion clouds my mind as I navigate through decisions.,negative
Excitement building up for the upcoming vacation!,positive
Kindness witnessed today restored my faith in humanity.,positive
Pride in achieving a personal milestone.,positive
A moment of shame for not standing up against injustice.,negative
Fuming with anger after a heated argument.,negative
The fear of the unknown is keeping me up at night.,negative
Heartfelt sadness after bidding farewell to a dear friend.,negative
The state of corruption in our society is utterly disgusting.,negative
Overflowing happiness: welcoming a new family member!,positive
Laughter is the key to joy—attending a stand-up comedy show.,positive
Sending love to all my followers on this beautiful day! :red_heart:,positive
Amused by the antics of my pet—it's pure amusement!,positive
Enjoying every moment of this trip—pure enjoyment!,positive
Admiring the dedication of volunteers at a local charity.,positive
Sending affectionate vibes to friends and family.,positive
Awe-struck by the beauty of the night sky.,positive
Disappointed with the lack of progress in a personal project.,negative
A surprise visit from an old friend brought tears of joy.,positive
Embracing acceptance of life's ups and downs.,neutral
Overflowing adoration for a cute rescue puppy! :dog_face:,positive
Anticipating the release of a much-awaited movie.,positive
Bitter experience at the customer service department.,negative
Finding calmness amidst the chaos of daily life.,positive
Confusion reigns as I try to make sense of recent events.,negative
Excitement building up for a surprise birthday party.,positive
Witnessed an act of kindness that made my day.,positive
Pride in completing a challenging fitness challenge.,positive
A moment of shame for not speaking up against injustice.,negative
Reflecting on the beauty of diversity in our world.,positive
Excitement for a quiet evening with a good book.,positive
Feeling bitter about the unfairness in the workplace.,negative
Calmness prevails as I practice mindfulness.,positive
Confusion surrounds me as I navigate through life's choices.,negative
Excitement for a weekend road trip to explore new places.,positive
Kindness witnessed today restores my faith in humanity.,positive
Pride in accomplishing personal and professional goals.,positive
Shame for not being true to my values in a difficult situation.,negative
"Revisiting old memories, feeling a sense of elation.",positive
The victory of our team brought euphoria to the city.,positive
"Embracing the beauty of nature, a moment of contentment.",positive
"Meditating by the serene lake, finding inner peace.",positive
Overflowing with gratitude for life's blessings.,positive
"Hopeful for a brighter tomorrow, despite challenges.",positive
Empowered to make a difference in my community.,positive
Compassion in action: supporting a local charity event.,positive
"A moment of tenderness, connecting with loved ones.",positive
Arousal of excitement as I await a special announcement.,positive
Enthusiastically diving into a new project.,positive
Feeling a sense of fulfillment after reaching a milestone.,positive
Reverence for the beauty of a historic landmark.,positive
Elation after a surprise reunion with old friends.,positive
The euphoria of a live music concert under the stars.,positive
Contentment in the simplicity of a quiet Sunday.,positive
Serenity found in the pages of a favorite book.,positive
Gratitude for the support received during tough times.,positive
Hopeful about the possibilities of a new journey.,positive
Empowerment through learning and personal growth.,positive
Compassion towards those in need during the holidays.,positive
Tenderness in the warmth of a cozy winter evening.,positive
Arousal of excitement for an upcoming adventure.,positive
Enthusiasm for a creative project in the making.,positive
Fulfillment in completing a challenging workout routine.,positive
Reverence for the artistry displayed in a museum.,positive
Elation after achieving a personal goal.,positive
Elation over discovering a hidden gem in the city.,positive
The euphoria of a surprise birthday celebration.,positive
Contentment in the simplicity of a home-cooked meal.,positive
Serenity found in the melody of a peaceful piano.,positive
Gratitude for the supportive community around me.,positive
Hopeful about the prospects of a new business venture.,positive
Empowerment through mentoring and guiding others.,positive
Compassion shown through acts of kindness in the community.,positive
Tenderness in a heartfelt message to a loved one.,positive
Arousal of excitement before a much-awaited trip.,positive
Enthusiasm for a new artistic project in the works.,positive
Feeling a sense of fulfillment after helping others.,positive
Reverence for the historical significance of a landmark.,positive
Elation after achieving a fitness milestone.,positive
The euphoria of a successful product launch.,positive
Contentment in the embrace of a loved one.,positive
Serenity found in the beauty of a sunset by the sea.,positive
Gratitude for the small joys that each day brings.,positive
Hopeful about the potential for personal growth.,positive
Empowerment through learning a new skill.,positive
Compassion in volunteering for a local charity.,positive
Tenderness in a quiet moment shared with a pet.,positive
Arousal of excitement for an upcoming festival.,positive
Enthusiasm for a DIY home improvement project.,positive
Fulfillment in completing a challenging puzzle.,positive
Reverence for the wonders of nature on a hiking trail.,positive
Elation after a surprise reunion with a childhood friend.,positive
Suffering from despair after another setback.,negative
"Overwhelmed by grief, missing a loved one dearly.",negative
Loneliness creeps in as the night grows colder.,negative
Jealousy consumes me as I witness others' success.,negative
Resentment building up over past betrayals.,negative
Frustration mounts as obstacles block my path.,negative
"Boredom sets in, the day feels endlessly dull.",negative
"Anxiety grips my heart, worry clouds my thoughts.",negative
Intimidation by the unknown future ahead.,negative
Helplessness sinks in as challenges pile up.,negative
Envy eats away at me as I see others' prosperity.,negative
Regret over missed opportunities haunts my thoughts.,negative
Disgust at the sight of injustice and cruelty.,negative
"Drowning in despair, hope slipping through my fingers.",negative
"Grief weighs heavy, tears a constant companion.",negative
"Loneliness in a crowded room, a silent cry for connection.",negative
"Jealousy gnaws at my confidence, a toxic emotion.",negative
"Resentment festers, poisoning relationships.",negative
"Frustration boils over, a volcanic eruption of emotions.",negative
"Boredom settles like dust, life feels mundane.",negative
"Anxiety grips my chest, a relentless grip on my thoughts.",negative
"Intimidation by the challenges ahead, fear takes hold.",negative
"Helplessness engulfs me, drowning in a sea of problems.",negative
"Envy poisons my thoughts, coveting others' success.",negative
Regret for decisions that led to a painful present.,negative
Disgust at the corruption that stains society.,negative
"Sinking in despair, each day darker than the last.",negative
"Grief overwhelms, a storm of emotions within.",negative
"Loneliness echoes in empty spaces, yearning for connection.",negative
"Jealousy poisons my thoughts, resentment brewing within.",negative
"Resentment festers, a wound that refuses to heal.",negative
"Frustration escalates, a thunderstorm of emotions.",negative
"Boredom lingers, a stagnant pool of indifference.",neutral
"Embarking on a journey of discovery, fueled by curiosity and a thirst for knowledge.",positive
"Lost in the vast sea of information, an indifferent wave in the digital ocean.",neutral
"The complex puzzle of life leaves me in a state of perpetual confusion, seeking answers in the chaos.",negative
"A numbness settles over me, a shield against the overwhelming emotions life throws my way.",negative
"Gazing at the sunset, a melancholic longing for moments that slip through the fingers of time.",negative
"Revisiting old photographs, caught in the embrace of nostalgia's bittersweet symphony.",positive
"Torn between conflicting emotions, an ambivalence that paints my decisions in shades of uncertainty.",negative
"Embracing the ebb and flow of life, finding acceptance in the dance of existence.",positive
"Facing challenges head-on, a determination that fuels the fire within to achieve the impossible.",positive
"Serenity found in the stillness of nature, a tranquil retreat from the chaos of the modern world.",positive
"Curiosity leading me down the rabbit hole of knowledge, a perpetual student in life's classroom.",positive
"Floating through the day with an air of indifference, detached from the mundane happenings around.",neutral
"Entangled in the web of thoughts, confusion reigning as I navigate the labyrinth of ideas.",negative
"Numb to the chaos, emotions locked away, a stoic facade concealing the inner turmoil.",negative
"Melancholy whispers in the breeze, a silent conversation with the echoes of forgotten dreams.",negative
"Stumbling upon an old journal, nostalgia flooding in waves, carrying me to moments long gone.",positive
"A tapestry of conflicting feelings, weaving through uncertainty, caught in the threads of ambivalence.",negative
"Embracing the flaws, finding acceptance in imperfection, a journey towards self-love.",positive
"Determination burning like a wildfire, overcoming obstacles, turning dreams into reality.",positive
"Tranquil moments by the ocean, serenity washing over, a peaceful retreat within the waves' embrace.",positive
"Exploring new horizons with the spark of curiosity, an adventurer in the vast landscape of knowledge.",positive
"Drifting through the day with a nonchalant demeanor, embracing the art of indifference.",neutral
"Wrestling with thoughts, a perplexed mind lost in the labyrinth of life's complexities.",neutral
"Immersed in a state of emotional numbness, a shield against the storm of daily struggles.",negative
"A melancholic symphony playing in the background, the soundtrack of a wistful heart.",negative
"Flipping through the pages of an old yearbook, nostalgia painting smiles and tears on my face.",positive
"Torn between opposing emotions, an ambivalence that colors my decisions with shades of uncertainty.",negative
"Embracing life's imperfections, finding acceptance in the journey, scars and all.",positive
"A fiery determination burning within, fueled by the vision of reaching unparalleled heights.",positive
"Basking in the serenity of a quiet forest, where the whispers of nature bring peace to the soul.",positive
"Indifferent to the noise of the world, a silent observer in the midst of life's cacophony.",neutral
"Navigating through the labyrinth of thoughts, confusion a constant companion in the maze of ideas.",negative
"An impenetrable numbness shields me from the emotional storms, a fortress of stoic resilience.",neutral
"Melancholy painting the world in hues of nostalgia, a canvas of bittersweet memories.",negative
"A journey into the past, flipping through the pages of an old diary, nostalgia taking the lead.",positive
"Ambivalence clouding decisions, caught in the crossroads of conflicting emotions.",negative
"Embracing imperfections, finding acceptance in the mosaic of life's beautiful chaos.",positive
"Determination as the driving force, propelling me forward on the path to extraordinary achievements.",positive
"Seeking serenity in the melody of raindrops, a tranquil escape from the noise of everyday life.",positive
"Curiosity driving the exploration of the unknown, a seeker of knowledge in uncharted territories.",positive
"Drifting through the day with an air of nonchalance, indifferent to the trivialities of life.",neutral
"Lost in the labyrinth of thoughts, confusion casting shadows on the quest for clarity.",negative
"Wrapped in the cloak of emotional numbness, a shield against the storms of life's turbulence.",neutral
"Melancholy as a companion, painting the canvas of life with the brushstrokes of wistful yearning.",negative
"Leafing through the pages of an old photo album, nostalgia weaving tales of laughter and tears.",positive
"Ambivalence in the air, caught between the crossroads of conflicting emotions and decisions.",negative
"Embracing the beauty in imperfections, finding acceptance in the mosaic of life's unpredictable art.",positive
"Determination ablaze, forging a path through challenges, sculpting dreams into tangible realities.",positive
"Immerse in the serenity of a moonlit night, where the quiet whispers of nature bring peace to the soul.",positive
"Fueled by curiosity, venturing into uncharted realms, a fearless explorer of the mysteries of the world.",positive
"Wrapped in the cloak of emotional numbness, a shield against the storms of life's turbulence.",neutral
"Dancing through life with the exuberance of a carefree spirit, embracing joy and zest at every turn.",positive
"Basking in the golden glow of contentment, a serene river flowing through the landscape of the heart.",positive
"Gazing towards the horizon with hopeful eyes, painting a canvas of dreams illuminated by the sun of optimism.",positive
"Standing tall, proud as an oak, the branches of achievement reaching towards the sky of accomplishment.",positive
"A heart overflowing with gratitude, a garden where appreciation blooms in the soil of kindness and connection.",positive
"Extending a hand, empathetic threads weaving a tapestry of understanding, embracing the joys and sorrows of others.",positive
"Compassionate clouds, heavy with care, showering empathy on the parched grounds of human suffering.",positive
"Playfully dancing in the rain of laughter, a whimsical spirit twirling in the puddles of joy and lightheartedness.",positive
"Soaring on the wings of a free spirit, unburdened by the chains of conformity, painting the sky with independence.",positive
"Bathed in the glow of inspiration, a creative phoenix rising from the ashes of ordinary thoughts to explore new realms.",positive
"Navigating the sea of hope, sailing towards the sunrise of possibilities, confident in the ship of positive anticipation.",positive
"Striding with confidence, footprints of self-assuredness imprinted on the sands of challenges conquered and victories claimed.",positive
"Lost in the symphony of the night, a moonlit serenade that whispers tales of wanderlust and moonlit dreams.",positive
"Unveiling the layers of curiosity, a labyrinth of questions leading to the treasure troves of undiscovered knowledge.",positive
"In the embrace of the autumn breeze, leaves of ambivalence dancing in a waltz between choices and uncertainties.",neutral
"Gratitude as a guiding star, navigating the constellation of blessings in the vast universe of life's precious moments.",positive
"With a zestful heart, sprinting through fields of enthusiasm, chasing sunbeams and laughter in the meadows of joy.",positive
"A compassionate rain, tears of empathy falling gently, nurturing the seeds of kindness in the garden of human connections.",positive
"Proudly scaling the peaks of achievement, a mountaineer conquering challenges and planting the flag of success.",positive
"Embraced by the hopeful dawn, a gardener sowing seeds of optimism, tending to the blooms of a brighter tomorrow.",positive
"A playful escapade in the carnival of life, carousel laughter and cotton candy dreams swirling in the joyous atmosphere.",positive
"Floating on clouds of inspiration, an artist painting the sky with strokes of creativity, creating a masterpiece of dreams.",positive
"Navigating the river of contentment, a serene boat cruise through the tranquil waters of inner peace and acceptance.",positive
"With empathy as a lantern, wandering through the dark alleys of sorrow, illuminating the path with compassion and care.",positive
"A free spirit soaring on the wings of dreams, leaving trails of independence in the azure sky of boundless possibilities.",positive
"Bathed in the golden hues of gratefulness, a sunset of appreciation casting its warm glow on the landscapes of the heart.",positive
"Confident strides in the dance of life, a ballroom where self-assuredness leads, twirling through challenges with grace.",positive
"Hopeful whispers of wind, carrying the promises of a brighter tomorrow, a symphony of optimism in the air of possibilities.",positive
"Playfully juggling responsibilities, a circus performer balancing the acts of work and joy, tossing laughter into the air.",positive
"Whispering tales of inspiration to the stars, a storyteller crafting constellations from the threads of imagination.",positive
"Charting a course through the waves of hopeful anticipation, a sailor steering towards the shores of dreams yet unexplored.",positive
"A compassionate rain, tears of empathy falling gently, nurturing the seeds of kindness in the garden of human connections.",positive
"Proudly scaling the peaks of achievement, a mountaineer conquering challenges and planting the flag of success.",positive
"Embraced by the hopeful dawn, a gardener sowing seeds of optimism, tending to the blooms of a brighter tomorrow.",positive
"A playful escapade in the carnival of life, carousel laughter and cotton candy dreams swirling in the joyous atmosphere.",positive
"Floating on clouds of inspiration, an artist painting the sky with strokes of creativity, creating a masterpiece of dreams.",positive
"Navigating the river of contentment, a serene boat cruise through the tranquil waters of inner peace and acceptance.",positive
"With empathy as a lantern, wandering through the dark alleys of sorrow, illuminating the path with compassion and care.",positive
"A free spirit soaring on the wings of dreams, leaving trails of independence in the azure sky of boundless possibilities.",positive
"Bathed in the golden hues of gratefulness, a sunset of appreciation casting its warm glow on the landscapes of the heart.",positive
"Confident strides in the dance of life, a ballroom where self-assuredness leads, twirling through challenges with grace.",positive
"Hopeful whispers of wind, carrying the promises of a brighter tomorrow, a symphony of optimism in the air of possibilities.",positive
"Playfully juggling responsibilities, a circus performer balancing the acts of work and joy, tossing laughter into the air.",positive
"Whispering tales of inspiration to the stars, a storyteller crafting constellations from the threads of imagination.",positive
"Charting a course through the waves of hopeful anticipation, a sailor steering towards the shores of dreams yet unexplored.",positive
"A compassionate rain, tears of empathy falling gently, nurturing the seeds of kindness in the garden of human connections.",positive
"Proudly scaling the peaks of achievement, a mountaineer conquering challenges and planting the flag of success.",positive
"Embraced by the hopeful dawn, a gardener sowing seeds of optimism, tending to the blooms of a brighter tomorrow.",positive
"A playful escapade in the carnival of life, carousel laughter and cotton candy dreams swirling in the joyous atmosphere.",positive
"Drowning in the abyss of despair, a heart shattered into fragments, lost in the echoing silence of hopelessness.",negative
"Bitterness festering like a venomous vine, entwining the soul in a web of resentment, poisoning the garden of peace.",negative
"Wandering through the desert of loneliness, each step a heavy sigh, mirages of connection shimmering but never materializing.",negative
"Yearning for a touch that's not there, echoes of a distant warmth haunting the heart in the cold embrace of solitude.",negative
"Eyes wide open in the night, fearful shadows dancing on the walls, the mind a prisoner of imagined horrors.",negative
"Apprehensive steps on the tightrope of uncertainty, a balancing act where the fall seems inevitable, anxiety a constant companion.",negative
"Overwhelmed by the weight of the world, Atlas with trembling shoulders, each responsibility a boulder in the landscape of exhaustion.",negative
"Jealousy, a green-eyed monster, lurking in the shadows, casting a dark cloud over the sunshine of others' success.",negative
"Devastated by the storm of betrayal, the wreckage of trust scattered like debris, a heart torn by the winds of broken promises.",negative
"Frustrated fingers tapping on the keyboard, a symphony of annoyance composing an unsolvable puzzle of unmet expectations.",negative
"Envious eyes fixated on the gilded prize, a heartache fueled by the painful desire for possessions that seem forever out of reach.",negative
"Dismissive glances, a fortress built with indifference, walls impenetrable to the pleas of understanding and recognition.",negative
"Shattered dreams lie on the floor like fragments of glass, a mosaic of disappointment crafted by the hands of frustration.",negative
"Loneliness, a silent companion in the night, the only echo in the chamber of solitude, a heart's solitary nocturne.",negative
"Fearful whispers in the dark, the mind haunted by the specter of the unknown, shadows dancing to the rhythm of anxiety's tune.",negative
"Bitterness, a bitter aftertaste lingering on the tongue, each word a reminder of wounds that refuse to heal with the passing of time.",negative
"Overwhelmed by the cacophony of expectations, a drowning soul in the tempest of pressure, struggling to stay afloat.",negative
"Jealousy, a venom that seeps through the veins, poisoning the heart and turning it into a breeding ground for discontent.",negative
"Devastated by the revelation of betrayal, the trust shattered like fragile glass, leaving shards of pain in its wake.",negative
"Frustrated attempts to mend a broken connection, the threads of understanding slipping through the fingers like grains of sand.",negative
"Envious gazes cast upon the podium of success, a bitter pill swallowed, the taste lingering as a constant reminder of unattained heights.",negative
"Dismissive gestures, a curtain drawn to shield the vulnerability, a stage where emotions take a backseat to the performance of indifference.",negative
"Despair like a heavy fog, enveloping every thought, blurring the path ahead, a journey in the labyrinth of utter hopelessness.",negative
"Bitterness, a bitter chill in the air, freezing moments into icicles of resentment that dangle precariously over the landscape of memory.",negative
"Loneliness, a solitary moon in a starless sky, casting a cold glow on the landscape of isolation, where echoes bounce in empty spaces.",negative
"Yearning for the warmth of a vanished sun, a heartache painted in the hues of a sunset that never graced the horizon.",negative
"Fearful eyes scanning the shadows, a prisoner of the night, terrorized by the lurking monsters born from the mind's darkest corners.",negative
"Apprehensive whispers in the wind, a forecast of uncertainty, the mind's weather vane spinning wildly in the storm of doubt.",negative
"Overwhelmed by the maze of expectations, a minotaur of pressure lurking in the labyrinth, waiting to devour the spirit of resilience.",negative
"Jealousy, a festering wound, the pain intensifying with each glance at the garden of others' achievements, blooming beyond the fence.",negative
"Devastated, a heart in ruins, the echoes of shattered dreams reverberating in the chambers, a requiem for what once was whole.",negative
"Frustrated attempts to untangle the knot of confusion, the threads of understanding slipping further into the labyrinth of miscommunication.",negative
"Envious eyes locked on the treasure chest of opportunities, a heartache fueled by the desire for keys that seem forever elusive.",negative
"Dismissive gestures, a curtain drawn to shield the vulnerability, a stage where emotions take a backseat to the performance of indifference.",negative
"Shattered dreams lie on the floor like fragments of glass, a mosaic of disappointment crafted by the hands of frustration.",negative
"Loneliness, a silent companion in the night, the only echo in the chamber of solitude, a heart's solitary nocturne.",negative
Awe-struck by the breathtaking sunrise over the mountains.,positive
Navigating through the challenges with determination.,positive
Nostalgia hits while flipping through an old photo album.,positive
Thrilled to witness the grandeur of a cultural festival.,positive
Calmness found in the rhythm of raindrops on the windowpane.,neutral
Overwhelmed by the support received during a personal challenge.,positive
Excitement builds as the countdown to a long-awaited vacation begins.,positive
"Reflecting on life's journey, grateful for the lessons learned.",positive
Bittersweet emotions arise while bidding farewell to a dear friend.,negative
Curiosity sparked by exploring a mysterious ancient ruin.,positive
Admiration for the intricate details of a handcrafted masterpiece.,positive
Overjoyed by the warmth of a cozy fireplace on a winter evening.,positive
Inspiration strikes while observing the colors of a vibrant sunset.,positive
Motivated to achieve fitness goals after an invigorating workout.,positive
Gratitude for the simple joys found in a cup of morning coffee.,positive
Feeling empowered after conquering a challenging hiking trail.,positive
Amused by the antics of playful kittens during playtime.,positive
Contemplating life's mysteries under the starry night sky.,neutral
Joyful reunion with long-lost friends after years of separation.,positive
Excitement builds while preparing for a surprise celebration.,positive
Satisfaction derived from successfully completing a DIY project.,positive
Feeling blessed for the supportive community in times of need.,positive
Captivated by the serenity of a tranquil garden in full bloom.,positive
Anticipation for an upcoming adventure in an exotic destination.,positive
Reflecting on personal growth achieved through life experiences.,positive
Nostalgic memories flood in while revisiting childhood favorites.,positive
Appreciation for the vibrant culture experienced during travel.,positive
Confidence soars after overcoming public speaking anxiety.,positive
Contentment in the midst of a family gathering filled with laughter.,positive
Enthusiasm for learning new skills and expanding knowledge.,positive
Surprise and delight at discovering a hidden gem in the city.,positive
A sense of accomplishment after completing a challenging workout.,positive
Wonderment at the beauty of a double rainbow after the rain.,positive
Optimism for a bright future amidst challenging times.,positive
Pride in achieving a personal milestone in career progression.,positive
Happiness blooms like flowers in a garden on a sunny day.,positive
Elation over discovering a rare book in a quaint bookstore.,positive
Curiosity piqued by the mysteries of an ancient archaeological site.,positive
Mesmerized by the cosmic dance of fireflies on a moonlit night.,positive
Intrigued by the symphony of colors in an abstract art exhibition.,positive
Giggles and joy echo in the air during a children's playdate.,positive
Enveloped in serenity while practicing mindfulness by the lake.,positive
Chasing dreams like a kite soaring high in the vast open sky.,positive
Spellbound by the elegance of a ballroom dance under crystal chandeliers.,positive
Whimsical delight in a world of fairy tales and magical creatures.,positive
Pensive contemplation amid the ancient ruins of a forgotten civilization.,neutral
Embracing the thrill of speed on a rollercoaster's exhilarating twists.,positive
Harmony resonates as musicians play a melody of unity and togetherness.,positive
A burst of creativity in the quiet solitude of an artist's studio.,positive
Radiant joy akin to blooming flowers on a sun-kissed spring morning.,positive
A sense of wonder at the vastness of the cosmos on a stargazing night.,positive
Rejuvenated by the salty breeze and the sound of waves at the seaside.,positive
Whispers of inspiration from the rustling leaves in a serene forest.,positive
Savoring the warmth of a cup of cocoa on a chilly winter evening.,positive
Heartfelt gratitude for the laughter shared during a family reunion.,positive
"Embarking on a culinary adventure, savoring exotic flavors around the world.",positive
Euphoria floods in as the final puzzle piece clicks into place.,positive
Awe-inspired by the grandeur of an ancient cathedral's intricate architecture.,positive
Captivated by the ethereal beauty of a field filled with fireflies.,positive
Immersed in the enchanting melodies of a street musician's violin.,positive
Joyful laughter resonates through a lively summer carnival.,positive
Exploring the universe within during a mindful meditation session.,neutral
Soaring like a free spirit on the winds of a coastal cliff.,positive
Dazzled by the elegance of a masquerade ball's dazzling costumes.,positive
Whimsical delight in a world of whimsical fairy tales.,positive
Reflective contemplation amid the ruins of a forgotten era.,neutral
Riding the adrenaline rush on a rollercoaster's wild twists.,positive
Harmony resonates as musicians play a symphony of unity.,positive
A burst of artistic creativity in the quietude of an artist's studio.,positive
Radiant joy akin to blossoming flowers on a sunlit spring morning.,positive
Awe-inspired by the vastness of the cosmos on a stargazing night.,positive
Rejuvenated by the salty breeze and the sound of waves at the seaside.,positive
Whispers of inspiration from the rustling leaves in a serene forest.,positive
Savoring the warmth of a cup of cocoa on a chilly winter evening.,positive
Heartfelt gratitude for the laughter shared during a family reunion.,positive
"Embarking on a culinary odyssey, savoring flavors around the world.",positive
Euphoria floods in as the final puzzle piece fits perfectly.,positive
Awe-struck by the grandeur of an ancient cathedral's intricate architecture.,positive
Curiosity awakened by the mysteries of an ancient archaeological site.,positive
Giddy with excitement as the first snowflakes dance from the sky.,positive
Contentment envelops as the aroma of freshly baked bread fills the air.,positive
Inspired by the resilience of a lone tree standing tall in a storm.,positive
"Lost in the pages of a captivating novel, transported to another world.",positive
Drenched in nostalgia while flipping through an old family photo album.,positive
Spark of inspiration ignites like a shooting star in the night sky.,positive
Imbued with gratitude for the simple pleasure of a warm cup of tea.,positive
Marveling at the kaleidoscope of colors in a vibrant street market.,positive
Awash with serenity as the sun sets over a tranquil lakeside retreat.,positive
Drowning in sorrow as memories of lost love resurface.,negative
Numbness sets in as the weight of loneliness grows heavier.,negative
"Tears fall like raindrops, mourning the end of a cherished friendship.",negative
"Despair clouds the mind, feeling adrift in an endless sea of darkness.",negative
"Shattered by betrayal, trust crumbles like fragile glass.",negative
"Aching heart, the symphony of pain plays in the silence of solitude.",negative
"Emotional storm, a whirlwind of sadness engulfs every thought.",negative
"Haunted by regrets, the ghost of the past lingers relentlessly.",negative
"Torn apart by grief, the echoes of loss reverberate through the soul.",negative
"Isolation deepens, an emotional winter where warmth is but a distant memory.",negative
"Soul-crushing disappointment, hopes shattered like fragile glass.",negative
"Painful echoes of a love once cherished, now lost in the abyss of time.",negative
"Heartache deepens, a solitary journey through the abyss of despair.",negative
"Melancholy lingers, a bittersweet serenade in the quietude of solitude.",negative
"Bitterness like a poison, seeping into every crevice of the wounded heart.",negative
"Emotional exhaustion, the weight of the world crushing weary shoulders.",negative
"Sorrowful echoes, a symphony of pain played by the strings of loss.",negative
"Darkness descends, engulfing the soul in the shadows of despair.",negative
"Desperation whispers, the silent plea for a glimmer of hope in the abyss.",negative
"Heart in ruins, the remnants of shattered dreams scattered in the wind.",negative
"Shattered by the echoes of a shattered dream, fragments of hope scattered.",negative
"Avoiding the thorns of regret, walking barefoot on the path of remorse.",negative
"In the labyrinth of grief, the walls echo with the footsteps of lost joy.",negative
"A soul adrift in the sea of solitude, waves of loneliness crashing relentlessly.",negative
"The bitterness of betrayal, a taste that lingers, staining the palate of trust.",negative
"In the ruins of hope, echoes of shattered dreams whisper tales of loss.",negative
"Sinking like a stone in the ocean of heartbreak, each ripple a sigh of despair.",negative
"Tears, the ink staining the pages of a journal, a testament to silent grief.",negative
"In the wasteland of lost trust, the echoes of broken promises reverberate.",negative
"Avoiding the shards of shattered dreams, walking the tightrope of resilience.",negative
"Suffocating in the silence of solitude, where echoes of laughter once thrived.",negative
"Haunted by the specter of lost possibilities, a ghost that refuses to fade away.",negative
"In the labyrinth of despair, the echoes of a broken heart reverberate endlessly.",negative
"Sinking like autumn leaves in the river of sorrow, carried away by the current.",negative
"In the garden of broken dreams, petals fall, a silent testimony to shattered hopes.",negative
"Tears, the currency of grief, spent in the marketplace of lost love and longing.",negative
"Wandering in the maze of betrayal, the walls closing in with every wrong turn.",negative
"A soul weathered by the storm of heartbreak, seeking refuge in the calm after.",negative
"In the tapestry of despair, threads of hope unravel, leaving a portrait of sorrow.",negative
"Like a withered rose in the garden of love, petals fall, a silent surrender to time.",positive
"In the void of heartache, echoes of a love song play, each note a pang of longing.",negative
"Nostalgia, a bittersweet dance in the moonlit ballroom of cherished memories.",negative
"In the symphony of grief, each tear is a note, composing a melancholic melody.",negative
"Betrayal, a venomous serpent slithering through the garden of trust, poisoning roots.",negative
"Sinking in the quicksand of despair, the harder you fight, the deeper you descend.",negative
"Wandering through the cemetery of lost dreams, tombstones marking untold sorrows.",negative
"Swept away by the river of regret, the currents of the past refusing to release.",negative
"Whispers of lost love linger in the attic of the heart, forgotten but not erased.",negative
"In the gallery of broken promises, each shattered vow framed, a painful exhibition.",negative
"The echoes of solitude, a silent conversation between a soul and its shadows.",negative
"Dancing on sunshine, each step a celebration of the joy found in simple moments.",positive
"Laughter echoes in the air, a chorus of happiness that lifts the spirit higher.",positive
"In the garden of contentment, each bloom whispers tales of inner peace and joy.",positive
"Chasing dreams under the vibrant sky, a journey fueled by hope and enthusiasm.",positive
"Serenading the stars with a heart full of gratitude, a melody of thankfulness.",positive
"Basking in the glow of accomplishment, each milestone a stepping stone to happiness.",positive
"In the dance of positivity, every step is a rhythm, uplifting the soul in harmony.",positive
"Overflowing with joy, a cup of laughter shared with friends, a moment cherished.",positive
"Draped in the warmth of kindness, a quilt of compassion stitched with love.",positive
"In the garden of friendships, each bloom a testament to the beauty of camaraderie.",positive
"In the embrace of love, each heartbeat is a melody, dancing to the rhythm of affection.",positive
"Surrounded by the colors of joy, a canvas painted with laughter and endless smiles.",positive
"In the symphony of excitement, each note is a burst of energy, igniting the soul with fervor.",positive
"A surprise gift, wrapped in anticipation, unfolds a moment of delight and wonder.",positive
"Lost in the maze of curiosity, each twist and turn unveils the treasures of discovery.",positive
"Floating on clouds of gratitude, each raindrop a blessing, a shower of thankfulness.",positive
"Like a comet of inspiration, streaking through the sky of creativity, leaving trails of brilliance.",positive
"In the celebration of success, fireworks of accomplishment light up the night sky of triumph.",positive
"A symphony of laughter, each note a key to unlocking the door of boundless happiness.",positive
"In the carnival of emotions, the rollercoaster of thrill sends the heart on a wild ride.",positive
"Standing before the grandeur of the Eiffel Tower, a moment to reflect on the beauty of Parisian dreams.",positive
"Lost in the enchantment of Disneyland, each ride a journey into the realm of childhood fantasies.",positive
"Exploring the wonders of Ferrari World, the roar of engines creating a symphony of speed.",positive
"Amidst the tulip fields of Keukenhof, a tapestry of colors that paints the soul with springtime joy.",positive
"Wandering through the historical streets of Kyoto, each step a journey into the heart of Japan's traditions.",positive
"In the embrace of the Grand Canyon, nature's masterpiece, a moment to marvel at Earth's grandeur.",positive
"Journeying through the serenity of Santorini, where each sunset paints the sky with hues of tranquility.",positive
"Amazed by the architectural marvels of Petra, each stone telling tales of an ancient civilization.",positive
"Embarking on a gondola ride in Venice, each canal reflecting the romance of this timeless city.",positive
"At the summit of Machu Picchu, a breathtaking panorama that whispers the secrets of ancient civilizations.",positive
"In the heart of New York City, Times Square dazzles with lights, a vibrant spectacle of urban energy.",positive
"Captivated by the historical charm of the Colosseum, each stone echoing tales of gladiator valor.",positive
"Sailing the azure waters of the Maldives, each wave a whisper of serenity in paradise.",positive
"In the midst of the Amazon rainforest, a symphony of wildlife creates an orchestra of nature's wonders.",positive
"Walking the Great Wall of China, each step a testament to ancient engineering marvels.",positive
"At the summit of Mount Fuji, a breathtaking sunrise that paints the sky with hues of accomplishment.",positive
"Exploring the ancient ruins of Angkor Wat, each stone whispering stories of Khmer civilization.",positive
"Skiing down the slopes of the Swiss Alps, each turn a dance with the majesty of snow-capped peaks.",positive
"In the tranquility of Kyoto's bamboo forest, whispers of ancient Zen wisdom echo through the groves.",neutral
"Cruising the fjords of Norway, each icy landscape a breathtaking masterpiece of nature's grandeur.",positive
"At the front row of Adele's concert, each note of 'Someone Like You' resonates with soul-stirring emotion.",positive
"Dancing under the stars at Beyoncé's live show, feeling the power of 'Single Ladies' in every move.",positive
"In the crowd of a Taylor Swift concert, the lyrics of 'Love Story' create an enchanting fairy tale.",positive
"Rocking out to the guitar solos at a Queen tribute concert, a journey back in time with Freddie's spirit.",positive
"Swaying to Ed Sheeran's acoustic melodies, a serene evening filled with 'Perfect' moments.",positive
"Immersed in the pulsating beats of a Bruno Mars concert, where 'Uptown Funk' becomes a city of joy.",positive
"At a Michael Jackson tribute show, moonwalking through the hits, a celebration of the King of Pop.",positive
"Swinging to the rhythms of a Frank Sinatra tribute, feeling the timeless charm of 'Fly Me to the Moon'.",positive
"In the mosh pit of a Metallica concert, the thunderous chords create a symphony of headbanging ecstasy.",positive
"Experiencing the magic of a Coldplay concert, where 'Fix You' becomes a beacon of hope in the night.",positive
"At a Justin Bieber concert, the infectious beats of 'Baby' create a dance floor of unbridled enthusiasm.",positive
"In the spotlight at a Lady Gaga show, each costume change is a metamorphosis of creativity and artistry.",positive
"Immersed in the soulful melodies of Adele, tears flow freely, moved by the emotion of 'Hello'.",positive
"Drenched in confetti at a Katy Perry concert, a kaleidoscope of colors igniting the night sky.",positive
"In the audience of a Jay-Z performance, the lyrics of 'Empire State of Mind' become an anthem of pride.",positive
"Dancing to Shakira's rhythmic beats, hips swaying to the hypnotic charm of 'Hips Don't Lie'.",positive
"At a U2 concert, the anthemic chords of 'With or Without You' create a timeless moment of connection.",positive
"Rocking out at a Guns N' Roses show, the iconic riffs of 'Sweet Child o' Mine' echoing in the night.",positive
"In the crowd of an Ariana Grande concert, the high notes of 'Into You' create a euphoric symphony.",positive
"Swaying to the reggae vibes of Bob Marley's tribute concert, each chord a journey to Jamaica's soul.",positive
"Captivated by the spellbinding plot twists, the audience applauds, experiencing a rollercoaster of emotions at the movie premiere.",positive
"As the credits roll, a profound sense of nostalgia washes over, reminiscent of cherished moments in classic films.",positive
"Streaming the latest web series, the viewer is engrossed in the characters' journey, feeling a sense of connection and empathy.",positive
"At the film festival, the indie filmmaker's creation receives a standing ovation, evoking pride and a sense of accomplishment.",positive
"Watching a heartwarming family drama, tears flow freely as the characters overcome challenges, leaving the viewer with a warm glow.",positive
"At the Oscars, the actor graciously accepts an award, radiating joy and gratitude for the recognition of their outstanding performance.",positive
"Discovering a hidden gem in the world of documentaries, the viewer is enlightened and inspired, feeling a renewed sense of curiosity.",positive
"As the movie credits roll, the viewer experiences a mix of awe and contemplation, pondering the deeper meanings woven into the storyline.",positive
"Binge-watching a thrilling crime series, the suspense keeps the viewer on the edge of their seat, creating a rush of adrenaline.",positive
"As the closing scene unfolds, a sense of satisfaction washes over, completing the cinematic journey with a profound and fulfilling ending.",positive
"Celebrating a historic victory in the World Cup, the nation erupts in joy, united by the triumph of their football team.",positive
"At the Olympics, the athlete's perseverance shines through, earning a gold medal and inspiring a generation with their remarkable achievement.",positive
"In the cricket championship, a nail-biting finish leaves fans on the edge of their seats, experiencing a rollercoaster of emotions.",positive
"Witnessing a record-breaking marathon, spectators are filled with awe and admiration for the endurance and dedication of the runners.",positive
"In the tennis grand slam, a fierce rivalry unfolds, captivating fans with a display of skill and sportsmanship on the world stage.",positive
"Cheering for the underdog in the basketball finals, the crowd erupts in applause as the team defies odds to claim the championship title.",positive
"At the golf tournament, the golfer's precision and focus lead to a stunning victory, leaving spectators in awe of their exceptional skill.",positive
"Experiencing the thrill of a high-speed Formula 1 race, fans are on the edge of their seats as drivers compete for the championship.",positive
"In the cycling world championship, the climber conquers challenging terrains, symbolizing determination and achievement against all odds.",positive
"Witnessing a heartwarming comeback in the hockey finals, fans share tears of joy as the team secures a historic victory after adversity.",positive
"After a series of defeats, the soccer team faces disappointment, struggling to find the silver lining in a challenging season.",negative
"In the tennis tournament, a highly anticipated player experiences a setback, leaving fans in shock and questioning the unforeseen turn of events.",negative
"Facing a defeat in the championship, the boxer reflects on the challenges, vowing to return stronger and more determined in the next bout.",positive
"In the midst of a cycling race, a tire blowout leads to frustration for the cyclist, who valiantly tries to overcome the unexpected obstacle.",negative
"The gymnast's unexpected fall during a routine sparks a wave of sympathy from the audience, highlighting the vulnerability of sports.",negative
"In the golf tournament, a missed crucial putt results in defeat, causing the golfer to reflect on the pressure of high-stakes competition.",negative
"Experiencing a series of losses in the basketball season, the team grapples with frustration, determined to turn the tide with renewed effort.",negative
"Despite meticulous training, the swimmer faces disappointment as a split-second miscalculation costs them the lead in a crucial race.",negative
"The weightlifter's failed attempt at a personal record results in frustration, highlighting the challenging nature of pushing physical limits.",negative
"In the midst of a soccer match, an unexpected own goal creates a moment of despair for the player, as teammates console and encourage them.",negative
"In the serene beauty of a sunset, nature unfolds a canvas of colors, evoking a sense of tranquility and wonder.",positive
"Embarking on a spontaneous road trip, the traveler discovers hidden gems, creating memories that will be cherished for a lifetime.",positive
"Amidst the bustling city, a quiet café becomes a sanctuary for reflection, where a cup of coffee brings solace to the wandering mind.",positive
"Exploring the vibrant street art of a cultural neighborhood, each mural tells a story, infusing the city with creativity and expression.",positive
"In the world of science, a breakthrough discovery unfolds, pushing the boundaries of knowledge and opening new frontiers of exploration.",positive
"Connecting with the melody of a live orchestra, the music enthusiast experiences a symphony that resonates deep within the soul.",positive
"Embracing the aroma of freshly baked bread, the home chef finds joy in the art of baking, creating delicious memories for loved ones.",positive
"Wandering through a historical museum, the history enthusiast becomes immersed in the tales of the past, envisioning bygone eras.",positive
"In the realm of literature, a captivating novel transports the reader to distant lands, weaving a tapestry of imagination and escape.",positive
"Capturing the essence of a bustling market, the photographer freezes moments in time, each frame telling a unique and vibrant story.",positive
"Underneath the city lights, the dancer expresses emotions through graceful movements, creating a mesmerizing performance under the night sky.",positive
"In the heart of a bustling market, the street food connoisseur indulges in a culinary adventure, savoring diverse flavors and aromas.",positive
"As the first snowflake descends, the winter enthusiast eagerly prepares for a season of frosty delights, anticipating the magic of snow-covered landscapes.",positive
"Amidst the pages of a captivating mystery novel, the reader unravels clues and secrets, experiencing a thrilling journey of suspense and revelation.",positive
"Surrounded by the vibrant colors of a flower garden, the gardener nurtures blossoms, finding joy in the beauty of nature's ever-changing canvas.",positive
"At the astronomy observatory, the stargazer marvels at the vastness of the cosmos, contemplating the mysteries hidden within the celestial expanse.",neutral
"Engulfed in the aroma of freshly brewed coffee, the writer finds inspiration in every sip, embarking on a journey of creativity and prose.",positive
"In the realm of fashion, the designer unveils a collection that tells a story, blending innovation and tradition on the runway of creativity.",positive
"As the waves crash against the shore, the surfer embraces the thrill of riding the ocean's energy, capturing the essence of freedom in each wave.",positive
"Exploring the historical architecture of an ancient city, the traveler is transported to a bygone era, where each monument whispers tales of the past.",positive
Successfully avoided eye contact with my crush in the hallway. Mission accomplished. #TeenCrush #StealthMode,positive
Ran out of snacks during a movie marathon. Crisis level: Emergency! #MovieNightStruggles #TeenProblems,negative
Spent an hour choosing the perfect filter for a selfie. The struggle for that Instagram aesthetic is real. #SelfieQueen #TeenVibes,positive
Lost my headphones again. How do they vanish into thin air? #HeadphoneMystery #TeenLife,neutral
Decided to study for exams but ended up making memes about studying instead. Procrastination level: Expert. #ProcrastinationNation #TeenConfessions,negative
"Got dressed for the day, then remembered it's Saturday. Oops. #WeekendVibes #TeenStruggles",negative
Survived a group project without any drama. Miracles do happen. #GroupProjectSuccess #TeenAchievements,positive
"Entered the kitchen with the intention to cook. Left with a bag of chips. Cooking is overrated, anyway. #MasterChefInTraining #TeenHumor",negative
"Staring at the clock in class, waiting for the bell to ring like it's the most exciting event of the day. #ClassCountdown #TeenLife",positive
"Discovered a new book series and spent the whole night reading. Who needs sleep, anyway? #BookwormLife #LateNightReading",neutral
"Bought a new video game, played for hours, forgot to eat. The ultimate gaming session. #GamerLife #NoFoodGaming",negative
Spent the day binge-watching a new series. Productivity level: Zero. #LazyDay #TVSeriesMarathon,negative
Caught up on the latest fashion trends and now planning a shopping spree. #Fashionista #TrendyTeen,positive
Decided to learn a new instrument. Day one: Still trying to figure out how to hold it. #MusicNovice #LearningJourney,neutral
Spent hours creating the perfect playlist for every mood. Music is my therapy. #PlaylistMaker #TeenMusicLover,positive
Successfully cooked a gourmet meal for the family. Chef skills unlocked! #ChefMode #TeenChef,positive
Spontaneously booked a weekend getaway. Adventure awaits! #TravelBug #WeekendEscape,positive
Attended a concert and danced the night away. Music is the heartbeat of life. #ConcertVibes #DanceAllNight,positive
Rediscovered childhood cartoons and had a nostalgia-filled marathon. #CartoonNostalgia #TeenMemories,positive
Embarked on a DIY home decor project. Let's hope it turns out better than last time. #DIYAdventure #TeenHomeDecor,positive
"Spent the afternoon at a museum, pretending to be cultured. Art enthusiast in the making. #MuseumDay #TeenArtLover",positive
Started a blog about random thoughts and musings. Blogging is the new diary. #BloggerLife #TeenBlogger,neutral
Relishing a peaceful afternoon with a classic novel. Quiet moments are the best moments. #BookLover #PeacefulAfternoon,positive
"Reflecting on a lifetime of memories, each wrinkle tells a story. Embracing the beauty of aging. #LifeReflections #BeautyInAging",positive
Exploring the world of digital art. It's never too late to discover new passions. #DigitalArtistry #LateBloomer,positive
Savoring the flavors of a home-cooked meal. Simple joys are the heart of happiness. #HomeCooking #SimpleJoys,positive
Embarking on a journey of learning a new language. The mind stays young with every new word. #LanguageLearning #NeverTooLate,positive
"Attended a classical music concert, feeling the timeless melodies resonate. Music transcends generations. #ClassicalMusic #TimelessMelodies",positive
Capturing the beauty of nature through photography. Every snapshot is a treasure. #NaturePhotography #SeniorPhotographer,positive
"Reconnecting with old friends over a cup of tea. Friendship, the true essence of companionship. #OldFriends #Companionship",positive
"Embarked on a road trip to revisit cherished places from the past. Nostalgia, the ultimate travel companion. #RoadTrip #NostalgiaTour",positive
"Joined a community choir, harmonizing with fellow voices. Music creates bonds that withstand time. #CommunityChoir #HarmonyInAging",positive
"Exploring the art of meditation, finding tranquility in the stillness of the mind. #MeditationJourney #TranquilMind",positive
"Taking a stroll in the garden, appreciating the beauty of blooming flowers. Nature's wonders never cease. #GardenWalk #FloralBeauty",positive
"Sipping on a favorite vintage wine, each sip telling a story of the years gone by. Cheers to a life well-lived. #WineLover #VintageCheers",positive
"Participated in a community art class, unleashing creativity in the golden years. Art has no age limit. #ArtClass #SeniorArtistry",positive
"Embarking on a journey of writing a memoir, documenting a lifetime of experiences. Every story matters. #MemoirWriting #SeniorStories",positive
"Attended a lecture on history, always fascinated by the lessons from the past. Learning is a lifelong adventure. #HistoryLecture #SeniorLearning",positive
"Rediscovered the joy of cooking traditional family recipes. The kitchen, a place of cherished memories. #FamilyRecipes #SeniorCooking",positive
"Joined a nature photography club, capturing the beauty of the great outdoors. Every click is a connection to nature. #NaturePhotography #SeniorPhotographer",positive
"Attended a jazz concert and swayed to the rhythm of timeless tunes. Music, a constant companion in the golden years. #JazzConcert #SeniorMusic",positive
"Joined a writing group, penning down thoughts and reflections. Writing, a journey into the depths of the soul. #WritingGroup #SeniorWriter",positive
"Embarked on a solo travel adventure, discovering the beauty of new places at my own pace. #SoloTravel #SeniorExplorer",positive
"Attended a vintage car show, reminiscing about the classics that once ruled the roads. Nostalgia in every rev. #VintageCars #ClassicRides",positive
"Started a community garden, growing not just plants but friendships too. Green thumbs unite! #CommunityGarden #SeniorGardener",positive
"Hosted a family dinner, where laughter echoed louder than the clinking of utensils. Family, the heart of happiness. #FamilyDinner #SeniorHost",positive
"Enrolled in a dance class for seniors, moving to the rhythm of life. Age is just a number on the dance floor. #DanceClass #SeniorDancer",neutral
"Visited an art gallery, appreciating the brushstrokes that tell tales of creativity. Art, an eternal companion. #ArtGallery #SeniorArtLover",positive
"Started a book club for seniors, where discussions are as lively as the characters in the novels. #BookClub #SeniorReaders",positive
"Hosted a picnic in the park, basking in the warmth of friendship and sunshine. Simple joys, timeless memories. #ParkPicnic #SeniorJoy",positive
"Participated in a local theater production, proving that the stage belongs to every age. #TheaterProduction #SeniorActor",neutral
"Embarked on a hiking adventure, conquering trails and relishing the beauty of nature. Age is just a number on the mountaintop. #HikingAdventure #SeniorHiker",neutral
Hosted a photography exhibition featuring snapshots of a life well-lived. Every photo has a story to tell. #PhotographyExhibition #SeniorPhotographer,positive
"Joined a seniors' cycling club, feeling the wind in my hair and the freedom of the open road. #CyclingClub #SeniorCyclist",positive
"Attended a wine tasting event, savoring the richness of flavors that age like fine wine. Cheers to the golden years! #WineTasting #SeniorWineLover",positive
"Started learning ballroom dancing, gliding gracefully across the dance floor. Ageless elegance in every step. #BallroomDancing #SeniorDancer",positive
"Organized a community painting event, turning blank canvases into a masterpiece of shared creativity. #PaintingEvent #SeniorArtist",positive
"Hosted a 'memory lane' evening with old friends, reminiscing about the adventures that shaped our lives. #MemoryLane #SeniorReminiscing",neutral
"Joined a seniors' astronomy club, stargazing and finding wonder in the vastness of the cosmos. #AstronomyClub #SeniorStargazer",positive
"Attended a local jazz festival, tapping toes to the tunes that have stood the test of time. Music, a lifelong love affair. #JazzFestival #SeniorMusicLover",positive
"Started a blog sharing the wisdom gained through the years, proving that every day is a chance to learn and grow. #SeniorWisdom #Blog",positive
"Participated in a charity run, proving that age is no barrier to supporting meaningful causes. #CharityRun #SeniorRunner",positive
"Survived a challenging physics exam. Equations, you won't defeat me!",positive
Exploring the world of coding. Debugging is an adventure on its own! #CodingJourney #HighSchoolCoder,neutral
"Joined the school debate team. Words are my weapons, and I'm ready for battle!",positive
"Started a photography club at school. Capturing moments, one snapshot at a time!",positive
"Daydreaming about the upcoming prom. The dress, the dance – it's a fairytale in the making!",positive
Convinced the teacher to have class outdoors. Learning equations with a side of fresh air!,positive
"Accidentally spilled paint in art class. Abstract art, right? #ArtClassAdventures #HighSchoolArtist",positive
Trying to master the perfect kickflip on my skateboard. Skating into the weekend like a pro!,positive
Bonding with friends over the latest K-pop sensation. Fangirling at its finest!,positive
Spent hours perfecting a chemistry experiment. Mixing potions like a wizard!,positive
Successfully organized a surprise birthday party for a friend. Party planning expert mode: Achieved!,positive
"Joined the drama club to unleash my inner actor. Lights, camera, action!",positive
Got my hands on the latest fantasy novel. Diving into realms of magic and adventure!,positive
Mastering the art of the perfect doodle during boring classes. Doodles: A+!,positive
Attempting to break the school record for the longest handstand. Wish me luck!,positive
Sneaking snacks into class like a pro. The art of snack-smuggling is a sacred skill!,positive
Hosting a sleepover with friends this weekend. Preparing for a night of laughter and memories!,positive
"Spent hours on a TikTok dance, only to realize I have two left feet. Dance fail: Unleashed!",negative
Accidentally liked my crush's old photo while stalking their profile. Awkward level: Maximum!,negative
Tried to impress my crush with a smooth conversation. Ended up spilling my drink. Smooth level: Nonexistent!,negative
Mastered the art of creating paper airplanes during lecture. Paper planes: Soaring to new heights!,positive
Trying to set a new trend by juggling textbooks between classes. Academic juggling: A unique skill!,positive
Hiding a snack stash in my backpack for emergency cravings. Snack ninja mode: Activated!,positive
Planning a surprise scavenger hunt for friends. Anticipating the thrill and excitement!,positive
Danced in the rain to celebrate the end of exams. Rain dance: Unexpectedly refreshing!,positive
Accidentally sent a text meant for a friend to the class group chat. Texting fail: Oops moment!,negative
Tried a magic trick to impress classmates. Magic fail: Where did that rabbit go?,negative
Perfecting the art of creating origami during a dull lecture. Origami mastery: A+!,positive
Attempting to set a new record for the most consecutive hacky sack kicks. Hacky sack skills: Unleashed!,positive
Creating a secret handshake with friends. Friendship level: Expert!,positive
Embarking on a mission to find the best burger joint in town. Burger connoisseur: Reporting for duty!,neutral
Practicing a stand-up comedy routine for the upcoming talent show. Comedy gig: In the making!,neutral
Accidentally sent a love letter to the wrong person. Love note fail: Maximum embarrassment!,negative
Attempting to impress the teacher with an elaborate science experiment. Science geek mode: Activated!,positive
Crafting intricate friendship bracelets for the whole squad. Friendship level: Expert weaver!,positive
Attempting to beat the record for the most consecutive cartwheels. Cartwheel challenge: Underway!,positive
Organizing a movie marathon with friends. Popcorn and cinematic adventures await!,positive
Experimenting with a new hair color. A bold change for a bold semester!,positive
Building a time capsule to capture memories for the future. Time-traveling emotions!,negative
Accidentally walked into the wrong classroom on the first day. Classroom mix-up: Awkward start!,negative
Trying out a new smoothie recipe for a healthy start to the week. Smoothie enthusiast: Level up!,positive
Reflecting on the challenges of the school year. Feeling a bit overwhelmed with assignments.,negative
Encountered some mean-spirited comments online. Dealing with online hate is never easy.,negative
Had a bad day at school. Everything seems to be going wrong.,negative
Feeling down after not making the sports team. Disappointment lingers.,negative
Witnessed a heated argument in the cafeteria. Unpleasant atmosphere at lunch.,negative
Received a not-so-great grade on a major project. Academic frustration setting in.,negative
Dealing with a personal setback. Sometimes life throws unexpected challenges.,negative
Feeling lonely on a Saturday night. Sometimes solitude hits harder than expected.,negative
Experiencing cyberbullying. Hateful messages online are disheartening.,negative
Caught in a torrential rainstorm without an umbrella. Today's weather is just bad luck.,negative
Missing an important event due to unforeseen circumstances. A day filled with sadness.,negative
Dealing with unfounded rumors circulating about personal life. Rumors can be hurtful.,negative
Got a flat tire on the way to an important meeting. Talk about a series of bad events!,negative
Feeling a sense of emptiness after a close friend moves away. Farewells are always sad.,negative
Facing rejection from a dream college. Disheartened but determined to explore other paths.,negative
Encountering online toxicity during a gaming session. Hateful comments can ruin the fun.,negative
Having a bad hair day and feeling self-conscious. Bad hair days can affect confidence.,negative
Feeling a sense of despair after a major project failure. Hard work didn't pay off this time.,negative
Experiencing hate comments for expressing personal opinions. Online negativity prevails.,negative
Having a string of bad luck with constant technology malfunctions. Tech troubles galore!,negative
Missing out on a long-anticipated event due to unexpected circumstances. A day filled with sadness.,negative
Trying out a new study technique for upcoming exams. Exploring different learning strategies.,neutral
Organizing a community cleanup event for a cleaner neighborhood. Promoting environmental awareness.,positive
Sharing favorite book recommendations with classmates. Building a mini book club.,positive
Experimenting with a new recipe for a school bake sale. Baking adventures in the kitchen.,positive
Collaborating on a school project with peers. Teamwork makes the dream work.,positive
Attending a school club meeting to explore new interests. Dabbling in extracurricular activities.,neutral
Exploring a new part-time job opportunity for gaining work experience. Career development in progress.,neutral
Attending a school assembly to stay informed about upcoming events and announcements. Staying connected with school activities.,neutral
Exploring a new hobby of photography during free time. Capturing moments through a lens.,neutral
Participating in a science fair to showcase a unique experiment. Sharing knowledge with peers.,neutral
Attending a workshop on time management to enhance organizational skills. Striving for efficiency.,neutral
Volunteering at a local charity event to give back to the community. Contributing to social causes.,positive
Collaborating on a group project to promote teamwork and shared responsibilities. Group effort in action.,positive
Participating in a debate club to enhance critical thinking and communication skills. Intellectual engagement in progress.,positive
Celebrating a friend's birthday with a surprise party. Joyful moments and laughter all around!,positive
Successfully completing a challenging coding project. Excitement for overcoming coding hurdles!,positive
Attending a school talent show to support classmates. Applauding the diverse talents on display!,positive
"Exploring a new hiking trail with friends over the weekend. Nature, laughter, and good vibes!",positive
Winning a friendly sports competition against rival schools. Victory celebrations in full swing!,positive
Receiving a heartfelt letter from a pen pal in another country. Connecting across the globe!,positive
Creating a beautiful mural with fellow art enthusiasts. The power of collaboration and creativity!,positive
Participating in a school-wide art exhibition. Witnessing creativity and spreading positive vibes!,positive
Achieving a personal best in a track and field competition. The thrill of victory and self-improvement!,positive
Collaborating on a science project that received recognition at a regional fair. Science triumphs and smiles!,positive
"Attending a surprise birthday party organized by friends. Surrounded by love, laughter, and good company!",positive
Successfully fundraising for a school charity initiative. The joy of giving back to the community!,positive
"Participating in a multicultural festival, celebrating diversity with music, dance, and delicious food!",positive
"Organizing a virtual talent show during challenging times, bringing smiles to classmates' faces!",positive
